title,score,genre,year,synopsis
미지의 서울,90.4,드라마,2025,얼굴 빼고 모든 게 다른 쌍둥이 자매가 인생을 맞바꾸는 거짓말로 진짜 사랑과 인생을 찾아가는 로맨틱 성장 드라마
드래곤 길들이기,97.1,"영화, 애니메이션",2010,"용맹한 바이킹과 사나운 드래곤들의 싸움이 끊이지 않는 버크섬. 바이킹 족장의 아들 ‘히컵’은 드래곤 사냥에 소질 없는 마을의 사고뭉치. 어느 날 그는 부상 당한 드래곤, ‘투슬리스’를 구하게 되고, 아무도 몰래 그를 돌본다. 서로를 알아가며, 드래곤들의 친구가 된 ‘히...더보기"
굿보이,70.6,드라마,2025,올림픽 특채로 경찰이 된 메달리스트들이 메달 대신 경찰 신분증을 목에 걸고 비양심과 반칙이 판치는 세상에 맞서 싸우는 코믹 액션 청춘 수사극
우리영화,60,드라마,2025,소퍼모어 징크스를 겪고 있는 영화감독과 자유로운 영혼의 시한부 배우 지망생이 함께 영화를 찍으며 상처를 치유하고 사랑하는 멜로 드라마
하이파이브,83.9,영화,2025,"태권소녀 완서, 작가 지망생 지성, 후레쉬 매니저 선녀, FM 작업반장 약선 그리고 힙스터 백수 기동. 의문의 장기 기증자로부터 각각 심장과 폐, 신장, 간, 각막을 이식받은 다섯 사람. 그런데 건강해진 몸과 함께 생각지도 못한 초능력이 덤으로 딸려왔다! 자신만의 표식...더보기"
신명,59.3,영화,2025,"어린 시절, 분신사바를 시작으로 주술에 심취한 윤지희. 남자를 이용해 원하는 것을 얻을 수 있다는 사실을 깨달은 그녀는 성형으로 얼굴을 바꾸기 시작해서 이름, 학력, 신분까지 위조해 전혀 다른 삶을 살아간다. 그러던 중 권력의 맛을 본 윤지희는 마침내 대한민국을 손에 ...더보기"
광장,60.1,드라마,2025,"다른 조직의 행동대장이 되어버린 동생의 갑작스러운 죽음 뒤 비밀을 파헤치는 스토리로, 과거 여의도 국회의사당 광장 앞에서 서울의 패권을 다투고 싸움에서 살아남은 두 조직의 이야기."
28년 후,,영화,2025,"28년 전 생물학 무기 연구소에서 세상을 재앙으로 몰아넣은 바이러스가 유출된 후, 일부 생존자들이 모여 철저히 격리된 채 살아가는 섬 홀리 아일랜드. 이곳에서 태어나 한 번도 섬 밖을 나가 본 적 없는 소년 스파이크는 어느 날 섬을 떠나 본토에 발을 들이게 되고 난생처...더보기"
살롱 드 홈즈,,드라마,2025,"광선주공아파트 추리력 만렙, 전직 에이스 형사와 보험왕, 그리고 알바의 여왕까지! 우리 단지 해결사로 뭉친 여성 4인방이 아파트 빌런을 응징하는 코믹 워맨스 활극"
노무사 노무진,76.7,드라마,2025,유령 보는 노무사의 좌충우돌 노동 문제 해결기를 담은 하이퍼 리얼리즘 코믹 판타지 드라마
메스를 든 사냥꾼,,드라마,2025,"반사회성 인격장애를 겪고 있는 저명한 여성 법의관에게 들이닥친 과거, 자신이 죽인 아버지의 그림자가 그녀의 명예와 삶을 위협하는 과정을 그리는 사이코 호러 서스펜스가 가미된 정통 범죄 스릴러"
알라딘,93,영화,2019,줄거리 : 아그라바 왕국의 좀도둑 알라딘은 마법사 자파의 의뢰로 마법 램프를 찾으러 간다. 마법 램프를 찾은 알라딘은 지니를 만나고 자스민 공주의 마음을 얻기 위해 소원을 빌기 시작한다.1분 정보 : 1992년에 개봉한 디즈니 애니메이션 알라딘을 원작으로 하는 ...더보기
미션 임파서블: 파이널 레코닝,94.6,영화,2025,에단 헌트와 IMF 팀은 전 세계 정보망에 침투한 '엔티티'라는 무시무시한 AI를 찾기 위한 수색을 계속한다. 각국 정부와 에단의 과거에서 온 정체불명의 유령이 그들을 쫓고 있다. 새로운 동료들과 함께 '엔티티'를 완전히 봉쇄할 수단을 갖춘 헌트는 우리가 아는 세상이 ...더보기
금주를 부탁해,40,드라마,2025,지극히 상식적인 애주가라 자평하던 한 여자가 술보다 끊기 힘든 보건소 의사와 재회하며 금주에 도전하는 맨정신 사수 로맨스
나인 퍼즐,90,드라마,2025,"10년 전, 미결 사건의 유일한 목격자이자 현직 프로파일러인 ‘이나’와 그를 끝까지 용의자로 의심하는 강력팀 형사 ‘한샘’이 의문의 퍼즐 조각과 함께 다시 시작된 연쇄살인 사건의 비밀을 파헤치는 미스터리 스릴러"
파과,81.2,영화,2025,"40여 년간 감정 없이 바퀴벌레 같은 인간들을 방역해온 60대 킬러 조각. 대모님이라 불리며 살아있는 전설로 추앙받지만 오랜 시간 몸담은 회사 신성방역에서도 점차 한물간 취급을 받는다. 한편, 평생 조각을 쫓은 젊고 혈기 왕성한 킬러 투우는 신성방역의 새로운 일원이 되...더보기"
소주전쟁,82.6,영화,2025,"1997년 IMF 외환위기, 소주 회사가 곧 인생인 재무이사 종록과 오로지 수익만 추구하는 글로벌 투자사 직원 인범이 대한민국 국민 소주의 운명을 걸고 맞서는 이야기"
당신의 맛,63.9,드라마,2025,식품 기업을 물려받기 위해 작은 식당을 인수 합병하는 '레시피 사냥꾼'이 된 재벌 상속남 한범우와 전주에서 간판도 없는 원테이블 식당을 운영 중인 똥고집 셰프 모연주의 전쟁 같은 키친 타카 성장 로맨스
태어난 김에 세계일주4,87.1,예능,2025,"태어난 김에 떠나는 기안84의 세계일주! 이번엔 세상에서 가장 높고 험준한 산길 ‘차마고도’로 떠난다. 문명이 닿지 않은 고대의 길, 수천 년의 역사를 가진 천상의 땅! 인간의 한계를 뛰어넘는 기안84의 ‘차마고도’ 대장정! 언제 다시 떠날지 모르는 그의 무기한 여정이...더보기"
하트페어링,82.3,예능,2025,결혼하고 싶은 청춘들의 낭만과 현타 충만한 혼전 연애 일기를 그려내는 연애 프로그램
더러운 돈에 손대지 마라,38.4,영화,2024,"수사도, 뒷돈 챙기는 부업도 늘 함께 하는 생계형 형사 명득과 동혁. 우연히 범죄 조직의 검은돈에 대한 정보를 입수한 두 사람은 인생 역전을 위해 신고도, 추적도 불가한 돈을 훔치기로 계획한다. 그러나 완벽한 계획을 세웠다고 생각했던 현장에서 잠입 수사 중이던 형사의 ...더보기"
미션 임파서블 : 고스트 프로토콜,98.3,영화,2011,"러시아 크렘린 궁 폭발 테러 사건에 연루되어 위기를 맞게 된 IMF(Impossible Mission Force).국가적 분쟁을 피하기 위해 정부는 IMF 조직에 대해 ‘고스트 프로토콜’을 발동하고, 조직의 과거도 정체도 모두 지워버린다. 순식간에 국제 테러리스트가...더보기"
미션 임파서블,98.8,영화,1996,동유럽 첩보원들의 비밀 명단을 훔쳐 무기상에 팔아 넘기려는 음모를 막기 위해 짐 펠프스가 이끄는 CIA 최고의 팀 미션 임파서블이 투입된다. 그러나 대사관 파티에 잠입하여 동료들과 함께 작전을 수행하던 중 팀의 리더였던 이단 헌트만이 구사일생으로 혼자 살아 남는다. 곧...더보기
남주의 첫날밤을 가져버렸다,60,드라마,2025,평범한 여대생의 영혼이 깃든 로맨스 소설 속 병풍 단역이 소설 최강 집착 남주와 하룻밤을 보내며 펼쳐지는 노브레이크 경로 이탈 로맨스 판타지
진격의 거인 The Final Season 완결편 (전편),98.1,애니메이션,2023,그 거인은 언제 어떤 시대에도 자유를 갈망하며 나아갔다. 자유를 위해 싸웠다. 그 이름은 진격의 거인'. 드디어 밝혀진 벽 밖의 진실과 거인의 정체. 이곳에 이르기까지 인류는 너무나도 큰 희생을 치렀다. 그럼에도 그들은 계속 나아가야만 한다. 벽 밖에 있는 자유의 상징...더보기
임영웅│아임 히어로 더 스타디움,26.3,"영화, 공연",2024,"“영웅시대가 저와 별의 이야기를 함께 써 내려가고 있다고 생각해요” 2024년 5월, 서울월드컵경기장에서 양일 10만 명의 관객을 동원하며 콘서트 안팎으로 폭발적인 화제를 일으켰던 임영웅의 콘서트를 극장에서 다시 만난다. 무대 위 압도적인 가창력과 다채로운 퍼포먼스, ...더보기"
브링 허 백,88.7,영화,2025,"아빠의 죽음 후 새엄마에게 입양된 남매 앤디와 파이퍼. 평화로운 집, 따뜻한 보금자리에서의 안식도 잠시 새엄마는 두 남매 사이를 갈라놓으며 앤디와 파이퍼를 혼란에 빠트린다. 고립된 집, 집 안 곳곳에서 발견되는 정체를 알 수 없는 의식의 흔적들, 새엄마가 숨긴 끔찍한 ...더보기"
28일 후,94.7,영화,2003,"혼수상태에서 깨어난 짐은 병원, 그리고 런던 전체에 사람이 없다는 걸 알게 된다. 분노 바이러스 확산 28일 후, 이곳엔 대체 무슨 일이 있었던 걸까?"
폭싹 속았수다,96.3,드라마,2025,1950년대 제주에서 태어난 요망진 반항아 애순이와 팔불출 무쇠 관식이의 모험 가득한 일생을 사계절로 풀어낸 드라마
엘리오,90.9,"영화, 애니메이션",2025,외계인에게 납치되기만을 기다리던 지구의 외톨이 소년 엘리오가 뜻밖의 통신 오류로 우주로 불려가 지구의 대표 행세를 하며 펼쳐지는 감동 어드벤처
귀궁,74.7,드라마,2025,영매의 운명을 거부하는 무녀 여리와 여리의 첫사랑 윤갑의 몸에 갇힌 이무기 강철이가 왕가에 원한을 품은 팔척귀에 맞닥뜨리며 몸과 혼이 단단히 꼬여버리는 육신 쟁탈 판타지 로코
독수리 5형제를 부탁해!,77.8,드라마,2025,오랜 전통의 양조장 독수리술도가의 개성 만점 5형제와 결혼 열흘 만에 남편의 갑작스러운 죽음으로 졸지에 가장이 된 맏형수가 빚어내는 잘 익은 가족 이야기를 그린 드라마
28주 후,87.6,영화,2007,"인간을 좀비로 만드는 분노 바이러스가 영국을 휩쓸고 지나간 후 6개월이 지난 시점. 미국 군대가 바이러스와의 전쟁을 선언한 뒤 마치 그들이 승리를 거둔 듯해 보인다. 그리고 점차 도시는 질서를 되찾는다. 런던을 떠났던 시민들은 점차 도시로 돌아오고, 헤어졌던 가족은 재...더보기"
약한영웅 Class 1,95.3,드라마,2022,"상위 1% 모범생 연시은이 처음으로 친구가 된 수호, 범석과 함께 수많은 폭력에 맞서나가는 과정을 그린 약한 소년의 강한 액션 성장 드라마"
스트릿 우먼 파이터,94.3,"예능, 공연",2021,"여성으로 이루어진 댄스 크루들이 배틀을 하고, 우승 크루는 상금 5,000만 원을 거머쥐게 된다. 유튜브 콘텐츠 ‘스트릿 개그우먼 파이터’, 놀면 뭐하니에서 ‘스트릿 노비 파이터’로 패러디되는 등 높은 화제성을 보여주고 있다. 방송 안 보는 사람들도 ‘hey mama’...더보기"
몸값,81.4,드라마,2022,각자의 이유로 '몸값' 흥정이 벌어지던 건물에 대지진이 덮치면서 펼쳐지는 재난 스릴러
탄금,84.1,드라마,2025,"조선 거대 상단의 아들, 홍랑의 실종사건을 둘러싸고 누구보다 간절히 홍랑의 행방을 찾던 이복누이 재이와 비밀을 간직한 채 돌아온 홍랑이 점차 서로를 향한 우애인지, 연모일지 모르는 감정에 빠져드는 미스터리 멜로 사극"
쥬라기 월드,90.1,영화,2015,"‘쥬라기 공원’이 문을 닫은 지 22년, 유전자 조작으로 탄생한 공룡들을 앞세운 ‘쥬라기 월드’는 지상 최대의 테마파크로 자리잡는다. 하지만 새롭게 태어난 하이브리드 공룡들은 지능과 공격성을 끝없이 진화시키며 인간의 통제를 벗어나기 시작하는데…"
이혼숙려캠프,70.8,예능,2024,인생을 새로고침하기 위한 부부들의 이야기 <이혼숙려캠프>
언니네 산지직송2,28.6,예능,2025,바다를 품은 각양각색의 일거리부터 그곳에서만 맛볼 수 있는 제철 밥상 먹거리까지 담은 어촌 리얼리티
야당,89.8,영화,2025,"누명을 쓰고 교도소에 수감된 이강수는 검사 구관희로부터 감형을 조건으로 야당을 제안받는다. 강수는 관희의 야당이 돼 마약 수사를 뒤흔들기 시작하고, 출세에 대한 야심이 가득한 관희는 굵직한 실적을 올려 탄탄대로의 승진을 거듭한다. 한편, 마약수사대 형사 오상재는 수사 ...더보기"
스트릿 우먼 파이터 2,80,"예능, 공연",2023,《스트릿 우먼 파이터 시즌2》는 2023년 8월 22일부터 엠넷에서 방영될 여성 댄서 크루 서바이벌 프로그램이다.
드래곤 길들이기 3,92.9,"영화, 애니메이션",2019,"영원한 친구 히컵과 투슬리스의 활약으로 사람과 드래곤이 공존하며 평화롭게 살아가는 버크섬. 새로운 드래곤 ‘라이트 퓨어리’를 쫓아간 투슬리스를 찾다가 히컵은 누구도 찾지 못했던 드래곤의 파라다이스 ‘히든월드’를 우연히 발견하게 된다. 하지만 평화도 잠시, 역대 최악의 ...더보기"
드래곤 길들이기 2,92.4,"영화, 애니메이션",2014,"바이킹과 드래곤이 친구가 되어 평화롭게 살아가는 버크섬. 청년이 된 히컵은 아버지 스토이크의 바람과는 달리 족장이 되는 것 보다 버크섬 밖의 더 넓은 세상을 보고 싶어한다. 그러던 어느 날, 신비로운 얼음대륙을 탐험하던 히컵과 투슬리스는 드래곤 사냥꾼들이 쳐놓은 덫에 ...더보기"
인생은 아름다워,98.1,영화,1997,"로마에 갓 상경한 시골 총각 귀도는 운명처럼 만난 여인 도라에게 첫눈에 반한다. 넘치는 재치와 유머로 약혼자가 있던 그녀를 사로잡은 귀도는 도라와 단란한 가정을 꾸리며 분신과도 같은 아들 조수아를 얻는다. 조수아의 다섯 살 생일, 갑작스레 들이닥친 군인들은 귀도와 조수...더보기"
나 혼자 산다,64.8,예능,2013,"대한민국 1인 가구 453만 시대! 이제는 1인 가구가 대세!연예계 역시 1/3은 1인 가구! 기러기 아빠, 주말부부, 상경 후 고군분투 중인 청년, 독신남 등 각기 다른 이유로 싱글족이 된 스타들! 당당한 1인 가구의 싱글 라이프는 과연 어떤 것일까?1인 가구...더보기"
노이즈,,영화,2025,"내 집 마련에 성공한 주영과 주희 자매. 어느 날부터 아파트 어딘가에서 들려오는 정체불명의 층간소음에 시달린다. 그러던 중 동생 주희와 연락이 끊기자 불안에 휩싸인 주영은 급히 지방 공장에서 집으로 돌아오고, 주희의 남자친구 기훈과 함께 실종된 동생을 추적하기 시작한다...더보기"
무빙,95.9,드라마,2023,"초능력을 숨긴 채 현재를 살아가는 아이들과, 과거의 아픈 비밀을 숨긴 채 살아온 부모들이 시대와 세대를 넘어 닥치는 거대한 위험에 함께 맞서는 초능력 액션 히어로물."
괴기열차,0,영화,2025,조회수가 간절한 공포 유튜버 다경. 전국 최다 실종 사건 발생지인 광림역을 둘러싼 괴기한 소문을 업로드하고 단숨에 최고 조회수를 기록한다. 모두의 만류에도 조회수를 향한 다경의 욕심은 멈추지 않고 광림역을 둘러싼 충격적인 비밀을 듣게 되는데...
나 혼자만 레벨업,93,애니메이션,2024,다른 차원과 이쪽 세계를 이어주는 통로인 '게이트'가 갑자기 발생한 뒤 10년. 세계에는 '헌터'라고 불리는 초인적인 힘에 각성한 사람들이 출현했다. 헌터는 게이트 안의 던전을 공략하고 대가를 받는 것을 생업으로 하고 있는데  그런 강자들만 가득한 헌터들 중 '성진우'...더보기
범죄도시 3,75.4,영화,2023,"베트남 납치 살해범 검거 후 7년 뒤, 마석도는 새로운 팀원들과 함께 살인사건을 조사한다. 사건 조사 중, 마석도는 신종 마약 사건이 연루되었음을 알게 되고 수사를 확대한다. 한편, 마약 사건의 배후인 주성철은 계속해서 판을 키워가고 약을 유통하던 일본 조직과 리키까지...더보기"
씨너스: 죄인들,95.8,영화,2025,"1932년, 시카고 갱단의 생활을 정리하고 고향 미시시피로 돌아온 쌍둥이 형제 스모크와 스택은 큰돈을 벌기 위해 술집 주크 조인트를 운영하기로 한다. 화려한 오프닝 파티가 열리는 밤, 천부적인 재능을 지닌 새미의 노래로 파티의 열기는 점점 뜨거워지고 초대하지 않은 불청...더보기"
환혼,93,드라마,2022,"역사에도 지도에도 존재하지 않은 대호국을 배경으로, 영혼을 바꾸는 '환혼술'로 인해 운명이 비틀린 주인공들이 이를 극복하고 성장해가는 판타지 로맨스 활극"
클리프행어,96.1,영화,1993,"로키산맥에서 구조 대원으로 일하는 게이브는 동료 구조 대원인 할의 연인 사라가 절벽에서 떨어지는 사고를 막지 못했다는 죄책감에 시달리며 몇 달째 산을 오르길 포기한다. 한편, 재무성에서 수송되던 1억 달러어치의 지폐가 담긴 보안가방 3개가 하이재킹으로 인해 폭풍이 몰아...더보기"
전지적 참견 시점,60.2,예능,2018,매니저들의 거침없는 제보로 공개 되는 스타들의 리얼 일상! 그리고 시작되는 다양한 '참견 고수'들의 시시콜콜한 참견! 당신의 인생에 참견해드립니다!
범죄도시 2,93.3,영화,2022,"가리봉동 소탕작전 후 4년 뒤, 금천서 강력반은 베트남으로 도주한 용의자를 인도받아 오라는 미션을 받는다. 괴물형사 마석도와 전일만 반장은 현지 용의자에게서 수상함을 느끼고, 그의 뒤에 무자비한 악행을 벌이는 강해상이 있음을 알게 된다. 마석도와 금천서 강력반은 한국과...더보기"
하이퍼나이프,87,드라마,2025,과거 촉망받는 천재 의사였던 세옥이 자신을 나락으로 떨어뜨린 스승 덕희와 재회하며 펼치는 치열한 대립을 그린 메디컬 스릴러
슬기로운 의사생활 시즌 1,95.5,드라마,2020,"누군가는 태어나고 누군가는 삶을 끝내는, 인생의 축소판이라 불리는 병원에서 평범한 듯 특별한 하루하루를 살아가는 사람들과 눈빛만 봐도 알 수 있는 20년지기 친구들의 케미스토리를 담은 드라마"
1승,70,영화,2024,"지도자 생활 평균 승률 10% 미만! 파직, 파면, 파산, 퇴출, 이혼까지 인생에서도 패배 그랜드슬램을 달성 중인 배구선수 출신 감독 우진은 해체 직전의 프로 여자배구단 핑크스톰의 감독을 맡아 달라는 제안을 받는다. 에이스 선수의 이적으로 이른바 떨거지 선수들만 남은 ...더보기"
귤레귤레,88.2,영화,2025,"‘과거의 상처'를 놓지 못하는 남자 대식은 팀장과 함께 출장으로, ‘현재의 불행'을 놓지 못하는 여자 정화는 남편과 여행으로 튀르키예를 찾는다. 원치 않은 가이드 투어에 합류한 대식은 대학 시절 짝사랑했던 정화와 우연히 재회하며 상황은 점점 꼬이기 시작한다."
도시남녀의 사랑법,92.1,드라마,2020,"뜨거웠던 여름, 한 여자가 그의 마음을 훔쳤다. 자유롭고 충동적이었던 그녀. 그녀를 다시 만날 수만 있다면. 열정과 낭만을 품은 건축가가 도시를 헤매며 사랑을 찾는다."
태양의 노래,50,영화,2025,"태양이 떠 있는 동안, 햇빛을 볼 수 없는 희귀 증후군을 가지고 있는 미솔은 꿈도 사랑도 포기한 지 오래다. 어느 날, 미솔의 집 앞에 과일 트럭을 끌고 온 과일 청년 민준에게 첫눈에 반하게 되고, 민준을 만나기 위해 미솔은 매일 태양이 지는 시간만을 손꼽아 기다린다....더보기"
악연,96.6,드라마,2025,벗어나고 싶어도 빠져나올 수 없는 악연으로 얽히고설킨 인물들의 이야기를 그린 범죄 스릴러
천국보다 아름다운,59.8,드라마,2025,죽음을 맞은 주인공이 사랑하는 사람을 천국에서 다시 만나는 현생 초월 로맨스 드라마
미션 임파서블: 데드 레코닝,95.4,영화,2023,"모든 인류를 위협할 새로운 무기를 추적하게 된 에단 헌트와 IMF팀은 이 무기가 인류의 미래를 통제할 수 있다는 사실을 알게 된다. 전 세계가 위태로운 상황에 처한 가운데, 이를 추적하던 에단 헌트에게 어둠의 세력까지 접근하고 마침내 미스터리하고 강력한 빌런과 마주하게...더보기"
범죄도시4,73.9,영화,2024,"신종 마약 사건 3년 뒤, 괴물형사 마석도와 서울 광수대는 배달앱을 이용한 마약 판매 사건을 수사하던 중 수배 중인 앱 개발자가 필리핀에서 사망한 사건이 대규모 온라인 불법 도박 조직과 연관되어 있음을 알아낸다. 필리핀에 거점을 두고 납치, 감금, 폭행, 살인 등으로 ...더보기"
범죄도시,92.6,영화,2017,2004년 서울. 하얼빈에서 넘어와 단숨에 기존 조직들을 장악하고 가장 강력한 세력인 춘식이파 보스 황사장까지 위협하며 도시 일대의 최강자로 급부상한 신흥범죄조직의 악랄한 보스 장첸. 대한민국을 뒤흔든 장첸 일당을 잡기 위해  오직 주먹 한방으로 도시의 평화를 유지해 ...더보기
트랩,43.2,영화,2024,"10대 딸과 함께 인기 팝스타의 콘서트를 찾은 쿠퍼. 신나게 콘서트를 즐기던 그는 순간 이상한 낌새를 느끼고, 그곳이 최악의 연쇄살인마를 잡기 위한 거대한 덫임을 알게 된다. 그런데 문제는 쿠퍼 자신이 바로 연쇄살인마라는 것! 이제 쿠퍼는 수많은 관객과 경찰을 따돌리고...더보기"
탑건: 매버릭,98,영화,2022,최고의 파일럿이자 전설적인 인물 매버릭은 자신이 졸업한 훈련학교 교관으로 발탁된다. 그의 명성을 모르던 팀원들은 매버릭의 지시를 무시하지만 실전을 방불케 하는 상공 훈련에서 눈으로 봐도 믿기 힘든 전설적인 조종 실력에 모두가 압도된다. 매버릭의 지휘아래 견고한 팀워크를...더보기
지지고 볶는 여행,75,예능,2025,"지지고, 볶고, 속 끓이며 사는 것이 사랑과 인생이라는 콘셉트 아래, 세 쌍의 특별한 커플이 함께하는 단체 여행을 담아낸다."
귀공자,78.9,영화,2023,필리핀에서 불법 경기장을 전전하며 병든 어머니와 살아가는 복싱 선수 마르코. 어머니의 수술비 마련을 위해 평생 본 적 없는 아버지를 만나러 한국으로 향하던 그의 앞에 정체불명의 남자 귀공자가 나타나 그를 추격하기 시작한다. 마르코 주위를 쑥대밭으로 만들며 숨통을 조여오...더보기
벼랑 끝에 서서,70,영화,2025,"아픈 딸을 돌보며 하루하루를 버텨내던 싱글맘. 하지만 점점 최악으로 치닫는 현실 앞에서 그녀의 세계는 결국 완전히 무너져 내린다. 안전망 따위 찾아볼 수 없는, 존재 자체를 외면하는 듯한 사회 속에서 끝내 벼랑 끝에 몰린 그녀는 불가능에 가까운 선택을 마주한다."
사계의 봄,66.7,드라마,2025,"케이팝 최고 밴드그룹의 탑스타 ‘사계’가 하루아침에 팀에서 퇴출당하고, 난생처음으로 가본 대학 캠퍼스에서 리얼버라이어티 같은 좌충우돌 대학생활을 겪으며, 운명적으로 만난 김봄과 뜨겁게 사랑하고, 신비한 밴드부를 결성해 음악을 다시 시작하는 이야기."
마녀,82.9,영화,2018,"시설에서 수많은 이들이 죽은 의문의 사고. 그날 밤 홀로 탈출한 후 모든 기억을 잃고 살아온 고등학생 ‘자윤’ 앞에 의문의 인물들이 등장하기 시작하고, 자신이 기억하지 못하는 과거를 알고 있는 그들의 등장으로 자윤은 혼란에 휩싸이게 되는데...!"
언더커버,88,드라마,2021,자신의 정체를 숨기고 살아온 남자가 일련의 사건에 휘말리며 가족을 지키기 위해 고군분투 하는 이야기
언젠가는 슬기로울 전공의생활,84.1,드라마,2025,대학병원 교수와 전공의들의 리얼한 병원생활과 우정 이야기를 그린 드라마
브로큰,19.3,영화,2025,"어느 날 하나뿐인 동생 석태가 시체로 돌아왔다. 그리고 동생의 아내 문영은 자취를 감췄다. 동생이 죽고 진실이 잠든 밤, 분노가 깨어났다.  사건의 실마리를 찾던 민태는, 자신과 같은 흔적을 쫓는 소설가 호령을 만나고 그의 베스트셀러 [야행]에서 동생의 죽음이 예견되었...더보기"
최종병기 앨리스,73.3,드라마,2022,"죽여야 사는 소녀, 죽어야 사는 소년을 만나다! 킬러라는 정체를 숨겨야 하는 의문의 전학생 겨울 (aka. 앨리스). 비폭력으로 학교를 평정한 잘생긴 또라이 여름. 도무지 어울리지 않을 거 같은 두 사람은 자꾸 이상하게 엮이며 묘한 핑크빛 분위기를 풍기지만 겨울의 정체...더보기"
주차금지,18.8,영화,2025,"계약직 과장 연희는 정규직이 걸린 프로젝트 준비부터 직장 상사의 치근덕거림과 출퇴근길 교통난까지 만성 스트레스에 시달린다. 그러던 어느 날, 퇴근 후 도저히 주차를 할 수 없게 대어진 차량 때문에 분통이 터진 연희는 한 번도 마주친 적 없었던 수상한 자와 사소한 시비가...더보기"
중증외상센터,96.9,드라마,2025,전장에서 단련된 최고의 외과 전문의. 세계적인 중증외상센터를 만들고자 한국에 돌아온 그가 거침없는 태도와 탁월한 실력으로 자신의 팀을 사람을 살리는 비범한 전문가들로 변모시킨다.
약한영웅 Class 2,74.3,드라마,2025,친구를 위해 폭력에 맞섰으나 끝내 지키지 못한 트라우마를 안고 은장고로 전학 간 모범생 연시은이 다시는 친구를 잃을 수 없기에 더 큰 폭력과 맞서면서 벌어지는 처절한 생존기이자 찬란한 성장담을 그린 드라마.
기생충,96.8,영화,2019,줄거리 : 전원 백수로 살고 있지만 사이좋은 기택 가족. 장남 기우에게 친구 민혁이 고액 과외를 연결시켜주고 온 가족의 기대를 받으며 기우는 박 사장의 집으로 간다.1분 정보 : 비영어 영화 최초로 아카데미 작품상을 수상하고 칸 영화제 황금종려상을 수상했다. 그밖에...더보기
히든 페이스,80.2,영화,2024,"지휘자 성진이 이끄는 오케스트라의 첼리스트이자 약혼녀 수연이 어느 날 영상 편지만을 남겨둔 채 자취를 감춘다. 성진은 수연을 잃은 상실감에 고통스러워하지만, 그녀를 대신한 첼리스트 미주에게 강한 끌림을 느낀다. 비 오는 밤, 서로의 욕망에 휩쓸린 성진과 미주는 수연의 ...더보기"
데드 어게인,,영화,2025,"커플 동반 베트남 여행을 온 민혁과 해지, 선웅과 미미는 한껏 들뜬다. 민혁 역시 아내인 해지와는 물론, 오랜 내연 관계였던 미미와도 짜릿한 밀회를 즐기며 만족스러운 시간을 보낸다. 하지만 갑자기 격렬한 고통을 느끼며 숨이 멎어가는 민혁. 이대로 죽는가 싶어 눈을 뜨니...더보기"
슬기로운 의사생활 시즌 2,89.4,드라마,2021,"누군가는 태어나고 누군가는 삶을 끝내는, 인생의 축소판이라 불리는 병원에서 평범한 듯 특별한 하루하루를 살아가는 사람들과 눈빛만 봐도 알 수 있는 20년지기 친구들의 케미스토리를 담은 드라마."
어쩌면 해피엔딩,,영화,2023,"멀지 않은 미래, 21세기 후반 서울. 인간을 돕기 위해 만들어졌던 안드로이드 헬퍼봇인 ‘올리버’와 ‘클레어’가 인간들이 버린 낡은 아파트에서 살아가고 있다. 이제는 구형이 되었다는 이유로 인간들에게 버려진 채 외롭게 살아가던 둘은 우연히 서로를 마주치게 되고, 조금씩...더보기"
오징어 게임 시즌 2,77.6,드라마,2024,"복수를 다짐하고 다시 돌아와 게임에 참가하는 기훈과 그를 맞이하는 프론트맨의 치열한 대결, 그리고 다시 시작되는 진짜 게임을 담은 이야기"
승부,94.7,영화,2025,세계 최고 바둑 대회에서 국내 최초 우승자가 된 조훈현. 전 국민적 영웅으로 대접받던 그는 바둑 신동이라 불리는 이창호를 제자로 맞는다. 제자와 한 지붕 아래에서 먹고 자며 가르친 지 수년. 모두가 스승의 뻔한 승리를 예상했던 첫 사제 대결에서 조훈현은 전 국민이 지켜...더보기
서브스턴스,93.8,영화,2024,"할리우드의 몰락한 스타, 엘리자베스. 50세 생일날 해고당하고 절망에 빠진 그녀에게 신비한 약물 '서브스턴스'가 주어진다. 젊고 아름다운 '수'로 변신한 엘리자베스. 하지만 이 변신의 대가는 상상을 초월한다. 젊음과 성공을 향한 광기 어린 욕망이 그녀를 파멸의 길로 이...더보기"
"미안하다, 사랑한다",94.5,드라마,2004,어린 시절 호주에 입양된 후 거리의 아이로 자란 무혁이 은채를 만나 죽음도 두렵지 않은 지독한 사랑을 하는 이야기
이별의 아침에 약속의 꽃을 장식하자,78.3,"영화, 애니메이션",2018,"“사랑해서, 행복했어”영원을 살아가는 마키아와 숲 속에 버려진 아이 아리엘,우연히 만나 운명이 된 두사람의 단 한번 함께한 시간을 담은 네버엔딩 스토리."
대도시의 사랑법,92.3,영화,2024,눈치보는 법이 없는 자유로운 영혼의 재희와 세상과 거리두는 법에 익숙한 흥수가 동거동락하며 펼치는 그들만의 사랑법을 그린 영화
썬더볼츠*,96.4,영화,2025,"어벤져스가 사라진 세상, CIA 국장 발렌티나는 새로운 팀을 꾸릴 계획을 세운다. 그녀가 설계한 위험한 함정에 빠진 옐레나, 윈터 솔져, 레드 가디언, 존 워커, 고스트, 태스크 마스터. 별난 놈들만 모인 이들은 어쩔 수 없이 한 팀이 되고, 자신들의 어두운 과거와 맞...더보기"
해피엔드,97.1,영화,2024,가까운 미래의 일본을 배경으로 억압적인 학교와 반항하는 고등학생들의 대립을 그리고 있다. 절친한 사이인 유타와 고우는 학교 교장이 공무원들에게 접대를 하는 현장을 목격하고 교장의 차를 갖고 장난을 친다. 화가 난 교장은 범인 색출에 열을 내고 재일교포 출신 고우에게 차...더보기
청설,88.1,영화,2024,"손으로 설렘을 말하고 가슴으로 사랑을 느끼는, 청량한 설렘의 순간대학생활은 끝났지만 하고 싶은 것도, 되고 싶은 것도 없어 고민하던 용준. 엄마의 등쌀에 떠밀려 억지로 도시락 배달 알바를 간 용준은 완벽한 이상형 여름과 마주친다. 부끄러움은 뒷전, 첫눈에 반한 여름...더보기"
로비,56.9,영화,2025,"연구밖에 모르는 스타트업 대표 창욱은 라이벌 회사 대표 광우의 뒷거래 때문에 기회도, 기술도 번번히 빼앗긴다. 그의 회사의 유일한 탈출구는 4조 원에 달하는 국책사업을 따내어, 한방에 자본을 확보하는 것! 하지만 로비에 있어선 한수 위인 광우는 조장관을 일찌감치 포섭한...더보기"
리처 시즌 1,98.3,드라마,2022,"은퇴한 헌병 대원 잭 리처는 자신이 저지르지 않은 살인으로 체포되고, 이내 자신이 부패한 경찰, 수상쩍은 사업가, 교활한 정치가들이 판치는 음모의 한 가운데 있음을 알게 된다. 리처는 오직 자신의 지혜만을 가지고 조지아주 마그레이브에서 무슨 일이 일어나고 있는지 알아내...더보기"
빅 피쉬,94.8,영화,2004,줄거리 : 아버지가 위독하다는 이야기를 듣고 윌은 고향으로 간다. 죽음을 눈앞에 둔 상황에도 아버지는 윌에게 허풍 가득한 이야기를 들려주고 윌은 그 이야기 속에 진실이 있다는 사실을 깨닫게 된다.1분 정보 : 대니얼 월리스의 동명 소설을 원작으로 하고 있다. 명...더보기
위키드,92.8,영화,2024,"자신의 진정한 힘을 미처 발견하지 못한 엘파바. 자신의 진정한 본성을 아직 발견하지 못한 글린다. 전혀 다른 두 사람은 마법 같은 우정을 쌓아간다. 그러던 어느 날, 마법사의 초대를 받아 에메랄드 시티로 가게 되고 운명은 예상치 못한 위기와 모험으로 두 사람을 이끄는데...더보기"
타짜,97.6,영화,2006,"가구공장에서 일하며 남루한 삶을 사는 고니는 대학보다 가난을 벗어나게 해줄 돈이 우선인 열혈 천방지축 청년! 어느 날 고니는, 가구공장 한 켠에서 박무석 일행이 벌이는 화투판에 끼게 된다. 스무장의 화투로 벌이는 ‘섯다’ 한 판! 하지만 고니는 그 판에서 삼년 동안 모...더보기"
